InterZone,MMWard,Council,SPConst,CHP,HBCode
S02001236,S13002484,S12000033,S16000076,S03000012,S08000020
S02001237,S13002484,S12000033,S16000076,S03000012,S08000020
S02001238,S13002484,S12000033,S16000076,S03000012,S08000020
S02001239,S13002486,S12000033,S16000076,S03000012,S08000020
S02001240,S13002486,S12000033,S16000074,S03000012,S08000020
S02001241,S13002486,S12000033,S16000076,S03000012,S08000020
S02001242,S13002485,S12000033,S16000076,S03000012,S08000020
S02001243,S13002485,S12000033,S16000076,S03000012,S08000020
S02001244,S13002478,S12000033,S16000075,S03000012,S08000020
S02001245,S13002482,S12000033,S16000074,S03000012,S08000020
S02001246,S13002482,S12000033,S16000074,S03000012,S08000020
S02001247,S13002485,S12000033,S16000074,S03000012,S08000020
S02001248,S13002485,S12000033,S16000074,S03000012,S08000020
S02001249,S13002482,S12000033,S16000074,S03000012,S08000020
S02001250,S13002483,S12000033,S16000074,S03000012,S08000020
S02001251,S13002487,S12000033,S16000074,S03000012,S08000020
S02001252,S13002487,S12000033,S16000074,S03000012,S08000020
S02001253,S13002488,S12000033,S16000076,S03000012,S08000020
S02001254,S13002488,S12000033,S16000076,S03000012,S08000020
S02001255,S13002488,S12000033,S16000076,S03000012,S08000020
S02001256,S13002488,S12000033,S16000076,S03000012,S08000020
S02001257,S13002487,S12000033,S16000076,S03000012,S08000020
S02001258,S13002487,S12000033,S16000076,S03000012,S08000020
S02001259,S13002483,S12000033,S16000074,S03000012,S08000020
S02001260,S13002483,S12000033,S16000074,S03000012,S08000020
S02001261,S13002483,S12000033,S16000074,S03000012,S08000020
S02001262,S13002482,S12000033,S16000074,S03000012,S08000020
S02001263,S13002481,S12000033,S16000074,S03000012,S08000020
S02001264,S13002481,S12000033,S16000074,S03000012,S08000020
S02001265,S13002481,S12000033,S16000074,S03000012,S08000020
S02001266,S13002481,S12000033,S16000074,S03000012,S08000020
S02001267,S13002480,S12000033,S16000075,S03000012,S08000020
S02001268,S13002480,S12000033,S16000075,S03000012,S08000020
S02001269,S13002480,S12000033,S16000074,S03000012,S08000020
S02001270,S13002478,S12000033,S16000075,S03000012,S08000020
S02001271,S13002478,S12000033,S16000075,S03000012,S08000020
S02001272,S13002479,S12000033,S16000075,S03000012,S08000020
S02001273,S13002479,S12000033,S16000075,S03000012,S08000020
S02001274,S13002479,S12000033,S16000075,S03000012,S08000020
S02001275,S13002478,S12000033,S16000075,S03000012,S08000020
S02001276,S13002476,S12000033,S16000075,S03000012,S08000020
S02001277,S13002476,S12000033,S16000075,S03000012,S08000020
S02001278,S13002476,S12000033,S16000075,S03000012,S08000020
S02001279,S13002476,S12000033,S16000075,S03000012,S08000020
S02001280,S13002477,S12000033,S16000075,S03000012,S08000020
S02001281,S13002477,S12000033,S16000075,S03000012,S08000020
S02001282,S13002477,S12000033,S16000075,S03000012,S08000020
S02001283,S13002477,S12000033,S16000075,S03000012,S08000020
S02001284,S13002477,S12000033,S16000075,S03000012,S08000020
S02001285,S13002503,S12000034,S16000078,S03000013,S08000020
S02001286,S13002503,S12000034,S16000078,S03000013,S08000020
S02001287,S13002507,S12000034,S16000081,S03000013,S08000020
S02001288,S13002507,S12000034,S16000081,S03000013,S08000020
S02001289,S13002507,S12000034,S16000081,S03000013,S08000020
S02001290,S13002506,S12000034,S16000081,S03000013,S08000020
S02001291,S13002506,S12000034,S16000081,S03000013,S08000020
S02001292,S13002506,S12000034,S16000081,S03000013,S08000020
S02001293,S13002505,S12000034,S16000076,S03000013,S08000020
S02001294,S13002505,S12000034,S16000076,S03000013,S08000020
S02001295,S13002505,S12000034,S16000076,S03000013,S08000020
S02001296,S13002501,S12000034,S16000078,S03000013,S08000020
S02001297,S13002504,S12000034,S16000078,S03000013,S08000020
S02001298,S13002504,S12000034,S16000078,S03000013,S08000020
S02001299,S13002503,S12000034,S16000078,S03000013,S08000020
S02001300,S13002502,S12000034,S16000078,S03000013,S08000020
S02001301,S13002502,S12000034,S16000078,S03000013,S08000020
S02001302,S13002498,S12000034,S16000078,S03000013,S08000020
S02001303,S13002499,S12000034,S16000077,S03000013,S08000020
S02001304,S13002499,S12000034,S16000077,S03000013,S08000020
S02001305,S13002499,S12000034,S16000077,S03000013,S08000020
S02001306,S13002500,S12000034,S16000078,S03000013,S08000020
S02001307,S13002500,S12000034,S16000078,S03000013,S08000020
S02001308,S13002501,S12000034,S16000078,S03000013,S08000020
S02001309,S13002501,S12000034,S16000078,S03000013,S08000020
S02001310,S13002501,S12000034,S16000078,S03000013,S08000020
S02001311,S13002500,S12000034,S16000077,S03000013,S08000020
S02001312,S13002496,S12000034,S16000077,S03000013,S08000020
S02001313,S13002497,S12000034,S16000077,S03000013,S08000020
S02001314,S13002497,S12000034,S16000077,S03000013,S08000020
S02001315,S13002497,S12000034,S16000077,S03000013,S08000020
S02001316,S13002496,S12000034,S16000077,S03000013,S08000020
S02001317,S13002496,S12000034,S16000077,S03000013,S08000020
S02001318,S13002495,S12000034,S16000077,S03000013,S08000020
S02001319,S13002498,S12000034,S16000078,S03000013,S08000020
S02001320,S13002502,S12000034,S16000078,S03000013,S08000020
S02001321,S13002502,S12000034,S16000078,S03000013,S08000020
S02001322,S13002495,S12000034,S16000077,S03000013,S08000020
S02001323,S13002495,S12000034,S16000077,S03000013,S08000020
S02001324,S13002489,S12000034,S16000085,S03000013,S08000020
S02001325,S13002489,S12000034,S16000085,S03000013,S08000020
S02001326,S13002489,S12000034,S16000085,S03000013,S08000020
S02001327,S13002490,S12000034,S16000085,S03000013,S08000020
S02001328,S13002490,S12000034,S16000085,S03000013,S08000020
S02001329,S13002492,S12000034,S16000077,S03000013,S08000020
S02001330,S13002492,S12000034,S16000077,S03000013,S08000020
S02001331,S13002492,S12000034,S16000077,S03000013,S08000020
S02001332,S13002492,S12000034,S16000077,S03000013,S08000020
S02001333,S13002494,S12000034,S16000077,S03000013,S08000020
S02001334,S13002494,S12000034,S16000085,S03000013,S08000020
S02001335,S13002494,S12000034,S16000085,S03000013,S08000020
S02001336,S13002493,S12000034,S16000085,S03000013,S08000020
S02001337,S13002493,S12000034,S16000085,S03000013,S08000020
S02001338,S13002493,S12000034,S16000085,S03000013,S08000020
S02001339,S13002491,S12000034,S16000085,S03000013,S08000020
S02001340,S13002491,S12000034,S16000085,S03000013,S08000020
S02001341,S13002491,S12000034,S16000085,S03000013,S08000020
S02001342,S13002491,S12000034,S16000085,S03000013,S08000020
S02001343,S13002491,S12000034,S16000085,S03000013,S08000020
S02001344,S13002829,S12000041,S16000082,S03000038,S08000027
S02001345,S13002512,S12000041,S16000082,S03000038,S08000027
S02001346,S13002829,S12000041,S16000082,S03000038,S08000027
S02001347,S13002829,S12000041,S16000082,S03000038,S08000027
S02001348,S13002512,S12000041,S16000082,S03000038,S08000027
S02001349,S13002512,S12000041,S16000082,S03000038,S08000027
S02001350,S13002513,S12000041,S16000082,S03000038,S08000027
S02001351,S13002513,S12000041,S16000082,S03000038,S08000027
S02001352,S13002513,S12000041,S16000082,S03000038,S08000027
S02001353,S13002514,S12000041,S16000082,S03000038,S08000027
S02001354,S13002514,S12000041,S16000082,S03000038,S08000027
S02001355,S13002514,S12000041,S16000082,S03000038,S08000027
S02001356,S13002515,S12000041,S16000081,S03000038,S08000027
S02001357,S13002515,S12000041,S16000081,S03000038,S08000027
S02001358,S13002515,S12000041,S16000081,S03000038,S08000027
S02001359,S13002515,S12000041,S16000081,S03000038,S08000027
S02001360,S13002514,S12000041,S16000082,S03000038,S08000027
S02001361,S13002509,S12000041,S16000081,S03000038,S08000027
S02001362,S13002509,S12000041,S16000081,S03000038,S08000027
S02001363,S13002510,S12000041,S16000081,S03000038,S08000027
S02001364,S13002510,S12000041,S16000081,S03000038,S08000027
S02001365,S13002510,S12000041,S16000081,S03000038,S08000027
S02001366,S13002510,S12000041,S16000081,S03000038,S08000027
S02001367,S13002508,S12000041,S16000082,S03000038,S08000027
S02001368,S13002508,S12000041,S16000082,S03000038,S08000027
S02001369,S13002509,S12000041,S16000081,S03000038,S08000027
S02001370,S13002519,S12000035,S16000083,S03000025,S08000022
S02001371,S13002519,S12000035,S16000083,S03000025,S08000022
S02001372,S13002520,S12000035,S16000083,S03000025,S08000022
S02001373,S13002520,S12000035,S16000083,S03000025,S08000022
S02001374,S13002520,S12000035,S16000083,S03000025,S08000022
S02001375,S13002518,S12000035,S16000083,S03000025,S08000022
S02001376,S13002518,S12000035,S16000083,S03000025,S08000022
S02001377,S13002517,S12000035,S16000083,S03000025,S08000022
S02001378,S13002517,S12000035,S16000083,S03000025,S08000022
S02001379,S13002516,S12000035,S16000083,S03000025,S08000022
S02001380,S13002516,S12000035,S16000083,S03000025,S08000022
S02001381,S13002523,S12000035,S16000083,S03000025,S08000022
S02001382,S13002523,S12000035,S16000083,S03000025,S08000022
S02001383,S13002522,S12000035,S16000083,S03000025,S08000022
S02001384,S13002521,S12000035,S16000083,S03000025,S08000022
S02001385,S13002522,S12000035,S16000083,S03000025,S08000022
S02001386,S13002522,S12000035,S16000083,S03000025,S08000022
S02001387,S13002524,S12000035,S16000096,S03000025,S08000022
S02001388,S13002525,S12000035,S16000096,S03000025,S08000022
S02001389,S13002526,S12000035,S16000096,S03000025,S08000022
S02001390,S13002525,S12000035,S16000096,S03000025,S08000022
S02001391,S13002525,S12000035,S16000096,S03000025,S08000022
S02001392,S13002526,S12000035,S16000096,S03000025,S08000022
S02001393,S13002527,S12000005,S16000088,S03000009,S08000019
S02001394,S13002527,S12000005,S16000088,S03000009,S08000019
S02001395,S13002527,S12000005,S16000088,S03000009,S08000019
S02001396,S13002528,S12000005,S16000088,S03000009,S08000019
S02001397,S13002528,S12000005,S16000088,S03000009,S08000019
S02001398,S13002528,S12000005,S16000088,S03000009,S08000019
S02001399,S13002531,S12000005,S16000088,S03000009,S08000019
S02001400,S13002531,S12000005,S16000088,S03000009,S08000019
S02001401,S13002529,S12000005,S16000088,S03000009,S08000019
S02001402,S13002530,S12000005,S16000088,S03000009,S08000019
S02001403,S13002530,S12000005,S16000088,S03000009,S08000019
S02001404,S13002530,S12000005,S16000088,S03000009,S08000019
S02001405,S13002532,S12000006,S16000114,S03000005,S08000017
S02001406,S13002533,S12000006,S16000114,S03000005,S08000017
S02001407,S13002532,S12000006,S16000114,S03000005,S08000017
S02001408,S13002533,S12000006,S16000114,S03000005,S08000017
S02001409,S13002533,S12000006,S16000114,S03000005,S08000017
S02001410,S13002533,S12000006,S16000114,S03000005,S08000017
S02001411,S13002534,S12000006,S16000114,S03000005,S08000017
S02001412,S13002534,S12000006,S16000114,S03000005,S08000017
S02001413,S13002535,S12000006,S16000114,S03000005,S08000017
S02001414,S13002535,S12000006,S16000114,S03000005,S08000017
S02001415,S13002536,S12000006,S16000114,S03000005,S08000017
S02001416,S13002537,S12000006,S16000114,S03000005,S08000017
S02001417,S13002536,S12000006,S16000114,S03000005,S08000017
S02001418,S13002536,S12000006,S16000114,S03000005,S08000017
S02001419,S13002539,S12000006,S16000097,S03000005,S08000017
S02001420,S13002539,S12000006,S16000097,S03000005,S08000017
S02001421,S13002540,S12000006,S16000097,S03000005,S08000017
S02001422,S13002538,S12000006,S16000114,S03000005,S08000017
S02001423,S13002538,S12000006,S16000114,S03000005,S08000017
S02001424,S13002538,S12000006,S16000114,S03000005,S08000017
S02001425,S13002537,S12000006,S16000114,S03000005,S08000017
S02001426,S13002537,S12000006,S16000114,S03000005,S08000017
S02001427,S13002541,S12000006,S16000097,S03000005,S08000017
S02001428,S13002541,S12000006,S16000097,S03000005,S08000017
S02001429,S13002541,S12000006,S16000097,S03000005,S08000017
S02001430,S13002541,S12000006,S16000097,S03000005,S08000017
S02001431,S13002540,S12000006,S16000097,S03000005,S08000017
S02001432,S13002540,S12000006,S16000097,S03000005,S08000017
S02001433,S13002540,S12000006,S16000097,S03000005,S08000017
S02001434,S13002540,S12000006,S16000097,S03000005,S08000017
S02001435,S13002543,S12000006,S16000097,S03000005,S08000017
S02001436,S13002543,S12000006,S16000097,S03000005,S08000017
S02001437,S13002543,S12000006,S16000097,S03000005,S08000017
S02001438,S13002544,S12000006,S16000097,S03000005,S08000017
S02001439,S13002544,S12000006,S16000097,S03000005,S08000017
S02001440,S13002542,S12000006,S16000097,S03000005,S08000017
S02001441,S13002542,S12000006,S16000097,S03000005,S08000017
S02001442,S13002542,S12000006,S16000097,S03000005,S08000017
S02001443,S13002542,S12000006,S16000097,S03000005,S08000017
S02001444,S13002544,S12000006,S16000097,S03000005,S08000017
S02001445,S13002547,S12000042,S16000099,S03000039,S08000027
S02001446,S13002547,S12000042,S16000099,S03000039,S08000027
S02001447,S13002547,S12000042,S16000099,S03000039,S08000027
S02001448,S13002548,S12000042,S16000099,S03000039,S08000027
S02001449,S13002549,S12000042,S16000099,S03000039,S08000027
S02001450,S13002548,S12000042,S16000098,S03000039,S08000027
S02001451,S13002548,S12000042,S16000098,S03000039,S08000027
S02001452,S13002549,S12000042,S16000098,S03000039,S08000027
S02001453,S13002549,S12000042,S16000098,S03000039,S08000027
S02001454,S13002551,S12000042,S16000098,S03000039,S08000027
S02001455,S13002551,S12000042,S16000098,S03000039,S08000027
S02001456,S13002552,S12000042,S16000098,S03000039,S08000027
S02001457,S13002551,S12000042,S16000098,S03000039,S08000027
S02001458,S13002552,S12000042,S16000098,S03000039,S08000027
S02001459,S13002552,S12000042,S16000098,S03000039,S08000027
S02001460,S13002552,S12000042,S16000098,S03000039,S08000027
S02001461,S13002552,S12000042,S16000098,S03000039,S08000027
S02001462,S13002830,S12000042,S16000098,S03000039,S08000027
S02001463,S13002830,S12000042,S16000098,S03000039,S08000027
S02001464,S13002551,S12000042,S16000098,S03000039,S08000027
S02001465,S13002545,S12000042,S16000099,S03000039,S08000027
S02001466,S13002545,S12000042,S16000099,S03000039,S08000027
S02001467,S13002545,S12000042,S16000099,S03000039,S08000027
S02001468,S13002548,S12000042,S16000099,S03000039,S08000027
S02001469,S13002548,S12000042,S16000099,S03000039,S08000027
S02001470,S13002546,S12000042,S16000099,S03000039,S08000027
S02001471,S13002546,S12000042,S16000099,S03000039,S08000027
S02001472,S13002546,S12000042,S16000099,S03000039,S08000027
S02001473,S13002546,S12000042,S16000099,S03000039,S08000027
S02001474,S13002545,S12000042,S16000099,S03000039,S08000027
S02001475,S13002546,S12000042,S16000099,S03000039,S08000027
S02001476,S13002561,S12000008,S16000087,S03000001,S08000015
S02001477,S13002561,S12000008,S16000087,S03000001,S08000015
S02001478,S13002559,S12000008,S16000087,S03000001,S08000015
S02001479,S13002561,S12000008,S16000087,S03000001,S08000015
S02001480,S13002559,S12000008,S16000087,S03000001,S08000015
S02001481,S13002559,S12000008,S16000087,S03000001,S08000015
S02001482,S13002560,S12000008,S16000087,S03000001,S08000015
S02001483,S13002560,S12000008,S16000087,S03000001,S08000015
S02001484,S13002560,S12000008,S16000087,S03000001,S08000015
S02001485,S13002559,S12000008,S16000087,S03000001,S08000015
S02001486,S13002558,S12000008,S16000126,S03000001,S08000015
S02001487,S13002553,S12000008,S16000126,S03000001,S08000015
S02001488,S13002553,S12000008,S16000126,S03000001,S08000015
S02001489,S13002558,S12000008,S16000126,S03000001,S08000015
S02001490,S13002558,S12000008,S16000126,S03000001,S08000015
S02001491,S13002558,S12000008,S16000126,S03000001,S08000015
S02001492,S13002556,S12000008,S16000126,S03000001,S08000015
S02001493,S13002557,S12000008,S16000126,S03000001,S08000015
S02001494,S13002557,S12000008,S16000126,S03000001,S08000015
S02001495,S13002557,S12000008,S16000126,S03000001,S08000015
S02001496,S13002556,S12000008,S16000126,S03000001,S08000015
S02001497,S13002556,S12000008,S16000126,S03000001,S08000015
S02001498,S13002556,S12000008,S16000126,S03000001,S08000015
S02001499,S13002554,S12000008,S16000126,S03000001,S08000015
S02001500,S13002554,S12000008,S16000126,S03000001,S08000015
S02001501,S13002555,S12000008,S16000126,S03000001,S08000015
S02001502,S13002555,S12000008,S16000126,S03000001,S08000015
S02001503,S13002555,S12000008,S16000126,S03000001,S08000015
S02001504,S13002555,S12000008,S16000126,S03000001,S08000015
S02001505,S13002553,S12000008,S16000126,S03000001,S08000015
S02001506,S13002562,S12000045,S16000089,S03000015,S08000021
S02001507,S13002562,S12000045,S16000089,S03000015,S08000021
S02001508,S13002562,S12000045,S16000089,S03000015,S08000021
S02001509,S13002562,S12000045,S16000089,S03000015,S08000021
S02001510,S13002563,S12000045,S16000089,S03000015,S08000021
S02001511,S13002563,S12000045,S16000089,S03000015,S08000021
S02001512,S13002563,S12000045,S16000089,S03000015,S08000021
S02001513,S13002563,S12000045,S16000089,S03000015,S08000021
S02001514,S13002564,S12000045,S16000145,S03000015,S08000021
S02001515,S13002564,S12000045,S16000145,S03000015,S08000021
S02001516,S13002564,S12000045,S16000145,S03000015,S08000021
S02001517,S13002564,S12000045,S16000145,S03000015,S08000021
S02001518,S13002566,S12000045,S16000145,S03000015,S08000021
S02001519,S13002566,S12000045,S16000145,S03000015,S08000021
S02001520,S13002566,S12000045,S16000145,S03000015,S08000021
S02001521,S13002833,S12000045,S16000145,S03000015,S08000021
S02001522,S13002833,S12000045,S16000145,S03000015,S08000021
S02001523,S13002833,S12000045,S16000145,S03000015,S08000021
S02001524,S13002568,S12000045,S16000145,S03000015,S08000021
S02001525,S13002568,S12000045,S16000145,S03000015,S08000021
S02001526,S13002568,S12000045,S16000145,S03000015,S08000021
S02001527,S13002565,S12000045,S16000145,S03000015,S08000021
S02001528,S13002569,S12000045,S16000145,S03000015,S08000021
S02001529,S13002569,S12000045,S16000145,S03000015,S08000021
S02001530,S13002569,S12000045,S16000145,S03000015,S08000021
S02001531,S13002569,S12000045,S16000145,S03000015,S08000021
S02001532,S13002565,S12000045,S16000145,S03000015,S08000021
S02001533,S13002565,S12000045,S16000145,S03000015,S08000021
S02001534,S13002571,S12000010,S16000130,S03000031,S08000024
S02001535,S13002570,S12000010,S16000130,S03000031,S08000024
S02001536,S13002570,S12000010,S16000130,S03000031,S08000024
S02001537,S13002570,S12000010,S16000130,S03000031,S08000024
S02001538,S13002571,S12000010,S16000130,S03000031,S08000024
S02001539,S13002571,S12000010,S16000130,S03000031,S08000024
S02001540,S13002572,S12000010,S16000102,S03000031,S08000024
S02001541,S13002572,S12000010,S16000102,S03000031,S08000024
S02001542,S13002572,S12000010,S16000102,S03000031,S08000024
S02001543,S13002573,S12000010,S16000102,S03000031,S08000024
S02001544,S13002573,S12000010,S16000102,S03000031,S08000024
S02001545,S13002573,S12000010,S16000102,S03000031,S08000024
S02001546,S13002572,S12000010,S16000102,S03000031,S08000024
S02001547,S13002575,S12000010,S16000102,S03000031,S08000024
S02001548,S13002575,S12000010,S16000102,S03000031,S08000024
S02001549,S13002575,S12000010,S16000102,S03000031,S08000024
S02001550,S13002574,S12000010,S16000102,S03000031,S08000024
S02001551,S13002574,S12000010,S16000102,S03000031,S08000024
S02001552,S13002574,S12000010,S16000102,S03000031,S08000024
S02001553,S13002576,S12000010,S16000102,S03000031,S08000024
S02001554,S13002576,S12000010,S16000102,S03000031,S08000024
S02001555,S13002576,S12000010,S16000102,S03000031,S08000024
S02001556,S13002577,S12000011,S16000140,S03000017,S08000021
S02001557,S13002578,S12000011,S16000140,S03000017,S08000021
S02001558,S13002578,S12000011,S16000140,S03000017,S08000021
S02001559,S13002578,S12000011,S16000140,S03000017,S08000021
S02001560,S13002578,S12000011,S16000140,S03000017,S08000021
S02001561,S13002577,S12000011,S16000103,S03000017,S08000021
S02001562,S13002577,S12000011,S16000103,S03000017,S08000021
S02001563,S13002581,S12000011,S16000103,S03000017,S08000021
S02001564,S13002581,S12000011,S16000103,S03000017,S08000021
S02001565,S13002582,S12000011,S16000103,S03000017,S08000021
S02001566,S13002581,S12000011,S16000103,S03000017,S08000021
S02001567,S13002582,S12000011,S16000103,S03000017,S08000021
S02001568,S13002582,S12000011,S16000103,S03000017,S08000021
S02001569,S13002580,S12000011,S16000103,S03000017,S08000021
S02001570,S13002580,S12000011,S16000103,S03000017,S08000021
S02001571,S13002580,S12000011,S16000103,S03000017,S08000021
S02001572,S13002579,S12000011,S16000103,S03000017,S08000021
S02001573,S13002579,S12000011,S16000103,S03000017,S08000021
S02001574,S13002579,S12000011,S16000103,S03000017,S08000021
S02001575,S13002579,S12000011,S16000103,S03000017,S08000021
S02001576,S13002584,S12000036,S16000107,S03000042,S08000024
S02001577,S13002584,S12000036,S16000107,S03000042,S08000024
S02001578,S13002584,S12000036,S16000107,S03000042,S08000024
S02001579,S13002584,S12000036,S16000107,S03000042,S08000024
S02001580,S13002590,S12000036,S16000107,S03000042,S08000024
S02001581,S13002590,S12000036,S16000107,S03000042,S08000024
S02001582,S13002584,S12000036,S16000107,S03000042,S08000024
S02001583,S13002589,S12000036,S16000107,S03000042,S08000024
S02001584,S13002589,S12000036,S16000107,S03000042,S08000024
S02001585,S13002589,S12000036,S16000107,S03000042,S08000024
S02001586,S13002589,S12000036,S16000107,S03000042,S08000024
S02001587,S13002589,S12000036,S16000107,S03000042,S08000024
S02001588,S13002589,S12000036,S16000107,S03000042,S08000024
S02001589,S13002591,S12000036,S16000108,S03000042,S08000024
S02001590,S13002589,S12000036,S16000104,S03000042,S08000024
S02001591,S13002589,S12000036,S16000104,S03000042,S08000024
S02001592,S13002591,S12000036,S16000108,S03000042,S08000024
S02001593,S13002591,S12000036,S16000108,S03000042,S08000024
S02001594,S13002592,S12000036,S16000108,S03000042,S08000024
S02001595,S13002592,S12000036,S16000108,S03000042,S08000024
S02001596,S13002590,S12000036,S16000107,S03000042,S08000024
S02001597,S13002590,S12000036,S16000107,S03000042,S08000024
S02001598,S13002590,S12000036,S16000107,S03000042,S08000024
S02001599,S13002590,S12000036,S16000107,S03000042,S08000024
S02001600,S13002598,S12000036,S16000105,S03000042,S08000024
S02001601,S13002598,S12000036,S16000105,S03000042,S08000024
S02001602,S13002598,S12000036,S16000105,S03000042,S08000024
S02001603,S13002598,S12000036,S16000105,S03000042,S08000024
S02001604,S13002598,S12000036,S16000105,S03000042,S08000024
S02001605,S13002598,S12000036,S16000105,S03000042,S08000024
S02001606,S13002598,S12000036,S16000105,S03000042,S08000024
S02001607,S13002598,S12000036,S16000108,S03000042,S08000024
S02001608,S13002598,S12000036,S16000108,S03000042,S08000024
S02001609,S13002597,S12000036,S16000108,S03000042,S08000024
S02001610,S13002597,S12000036,S16000108,S03000042,S08000024
S02001611,S13002597,S12000036,S16000104,S03000042,S08000024
S02001612,S13002597,S12000036,S16000108,S03000042,S08000024
S02001613,S13002597,S12000036,S16000108,S03000042,S08000024
S02001614,S13002592,S12000036,S16000108,S03000042,S08000024
S02001615,S13002592,S12000036,S16000108,S03000042,S08000024
S02001616,S13002592,S12000036,S16000108,S03000042,S08000024
S02001617,S13002592,S12000036,S16000108,S03000042,S08000024
S02001618,S13002591,S12000036,S16000108,S03000042,S08000024
S02001619,S13002589,S12000036,S16000104,S03000042,S08000024
S02001620,S13002593,S12000036,S16000104,S03000042,S08000024
S02001621,S13002597,S12000036,S16000104,S03000042,S08000024
S02001622,S13002593,S12000036,S16000104,S03000042,S08000024
S02001623,S13002597,S12000036,S16000104,S03000042,S08000024
S02001624,S13002593,S12000036,S16000105,S03000042,S08000024
S02001625,S13002596,S12000036,S16000105,S03000042,S08000024
S02001626,S13002596,S12000036,S16000105,S03000042,S08000024
S02001627,S13002599,S12000036,S16000105,S03000042,S08000024
S02001628,S13002599,S12000036,S16000105,S03000042,S08000024
S02001629,S13002599,S12000036,S16000105,S03000042,S08000024
S02001630,S13002599,S12000036,S16000105,S03000042,S08000024
S02001631,S13002599,S12000036,S16000105,S03000042,S08000024
S02001632,S13002599,S12000036,S16000105,S03000042,S08000024
S02001633,S13002599,S12000036,S16000105,S03000042,S08000024
S02001634,S13002596,S12000036,S16000105,S03000042,S08000024
S02001635,S13002596,S12000036,S16000105,S03000042,S08000024
S02001636,S13002596,S12000036,S16000105,S03000042,S08000024
S02001637,S13002596,S12000036,S16000105,S03000042,S08000024
S02001638,S13002596,S12000036,S16000105,S03000042,S08000024
S02001639,S13002595,S12000036,S16000106,S03000042,S08000024
S02001640,S13002595,S12000036,S16000106,S03000042,S08000024
S02001641,S13002595,S12000036,S16000106,S03000042,S08000024
S02001642,S13002595,S12000036,S16000106,S03000042,S08000024
S02001643,S13002595,S12000036,S16000106,S03000042,S08000024
S02001644,S13002594,S12000036,S16000106,S03000042,S08000024
S02001645,S13002594,S12000036,S16000106,S03000042,S08000024
S02001646,S13002594,S12000036,S16000106,S03000042,S08000024
S02001647,S13002594,S12000036,S16000106,S03000042,S08000024
S02001648,S13002594,S12000036,S16000106,S03000042,S08000024
S02001649,S13002594,S12000036,S16000106,S03000042,S08000024
S02001650,S13002586,S12000036,S16000106,S03000042,S08000024
S02001651,S13002586,S12000036,S16000106,S03000042,S08000024
S02001652,S13002587,S12000036,S16000106,S03000042,S08000024
S02001653,S13002594,S12000036,S16000106,S03000042,S08000024
S02001654,S13002594,S12000036,S16000106,S03000042,S08000024
S02001655,S13002593,S12000036,S16000104,S03000042,S08000024
S02001656,S13002593,S12000036,S16000104,S03000042,S08000024
S02001657,S13002593,S12000036,S16000104,S03000042,S08000024
S02001658,S13002587,S12000036,S16000104,S03000042,S08000024
S02001659,S13002587,S12000036,S16000104,S03000042,S08000024
S02001660,S13002593,S12000036,S16000104,S03000042,S08000024
S02001661,S13002588,S12000036,S16000104,S03000042,S08000024
S02001662,S13002588,S12000036,S16000104,S03000042,S08000024
S02001663,S13002587,S12000036,S16000104,S03000042,S08000024
S02001664,S13002587,S12000036,S16000109,S03000042,S08000024
S02001665,S13002587,S12000036,S16000109,S03000042,S08000024
S02001666,S13002586,S12000036,S16000106,S03000042,S08000024
S02001667,S13002586,S12000036,S16000106,S03000042,S08000024
S02001668,S13002586,S12000036,S16000106,S03000042,S08000024
S02001669,S13002586,S12000036,S16000106,S03000042,S08000024
S02001670,S13002586,S12000036,S16000106,S03000042,S08000024
S02001671,S13002586,S12000036,S16000109,S03000042,S08000024
S02001672,S13002583,S12000036,S16000109,S03000042,S08000024
S02001673,S13002583,S12000036,S16000109,S03000042,S08000024
S02001674,S13002583,S12000036,S16000109,S03000042,S08000024
S02001675,S13002585,S12000036,S16000109,S03000042,S08000024
S02001676,S13002585,S12000036,S16000109,S03000042,S08000024
S02001677,S13002585,S12000036,S16000109,S03000042,S08000024
S02001678,S13002585,S12000036,S16000109,S03000042,S08000024
S02001679,S13002588,S12000036,S16000109,S03000042,S08000024
S02001680,S13002588,S12000036,S16000109,S03000042,S08000024
S02001681,S13002588,S12000036,S16000109,S03000042,S08000024
S02001682,S13002585,S12000036,S16000109,S03000042,S08000024
S02001683,S13002584,S12000036,S16000107,S03000042,S08000024
S02001684,S13002583,S12000036,S16000109,S03000042,S08000024
S02001685,S13002583,S12000036,S16000109,S03000042,S08000024
S02001686,S13002583,S12000036,S16000109,S03000042,S08000024
S02001687,S13002600,S12000013,S16000110,S03000041,S08000028
S02001688,S13002601,S12000013,S16000110,S03000041,S08000028
S02001689,S13002602,S12000013,S16000110,S03000041,S08000028
S02001690,S13002602,S12000013,S16000110,S03000041,S08000028
S02001691,S13002608,S12000013,S16000110,S03000041,S08000028
S02001692,S13002607,S12000013,S16000110,S03000041,S08000028
S02001693,S13002606,S12000013,S16000110,S03000041,S08000028
S02001694,S13002605,S12000013,S16000110,S03000041,S08000028
S02001695,S13002604,S12000013,S16000110,S03000041,S08000028
S02001696,S13002611,S12000014,S16000113,S03000010,S08000019
S02001697,S13002611,S12000014,S16000113,S03000010,S08000019
S02001698,S13002611,S12000014,S16000113,S03000010,S08000019
S02001699,S13002611,S12000014,S16000113,S03000010,S08000019
S02001700,S13002611,S12000014,S16000113,S03000010,S08000019
S02001701,S13002613,S12000014,S16000113,S03000010,S08000019
S02001702,S13002613,S12000014,S16000113,S03000010,S08000019
S02001703,S13002613,S12000014,S16000113,S03000010,S08000019
S02001704,S13002613,S12000014,S16000113,S03000010,S08000019
S02001705,S13002612,S12000014,S16000112,S03000010,S08000019
S02001706,S13002612,S12000014,S16000112,S03000010,S08000019
S02001707,S13002612,S12000014,S16000112,S03000010,S08000019
S02001708,S13002612,S12000014,S16000112,S03000010,S08000019
S02001709,S13002612,S12000014,S16000112,S03000010,S08000019
S02001710,S13002612,S12000014,S16000112,S03000010,S08000019
S02001711,S13002614,S12000014,S16000113,S03000010,S08000019
S02001712,S13002614,S12000014,S16000113,S03000010,S08000019
S02001713,S13002614,S12000014,S16000113,S03000010,S08000019
S02001714,S13002614,S12000014,S16000113,S03000010,S08000019
S02001715,S13002615,S12000014,S16000113,S03000010,S08000019
S02001716,S13002615,S12000014,S16000113,S03000010,S08000019
S02001717,S13002615,S12000014,S16000113,S03000010,S08000019
S02001718,S13002615,S12000014,S16000113,S03000010,S08000019
S02001719,S13002615,S12000014,S16000113,S03000010,S08000019
S02001720,S13002615,S12000014,S16000113,S03000010,S08000019
S02001721,S13002615,S12000014,S16000113,S03000010,S08000019
S02001722,S13002617,S12000014,S16000112,S03000010,S08000019
S02001723,S13002617,S12000014,S16000112,S03000010,S08000019
S02001724,S13002616,S12000014,S16000112,S03000010,S08000019
S02001725,S13002617,S12000014,S16000112,S03000010,S08000019
S02001726,S13002617,S12000014,S16000112,S03000010,S08000019
S02001727,S13002616,S12000014,S16000112,S03000010,S08000019
S02001728,S13002616,S12000014,S16000112,S03000010,S08000019
S02001729,S13002616,S12000014,S16000112,S03000010,S08000019
S02001730,S13002610,S12000014,S16000112,S03000010,S08000019
S02001731,S13002610,S12000014,S16000112,S03000010,S08000019
S02001732,S13002610,S12000014,S16000112,S03000010,S08000019
S02001733,S13002610,S12000014,S16000112,S03000010,S08000019
S02001734,S13002609,S12000014,S16000112,S03000010,S08000019
S02001735,S13002609,S12000014,S16000112,S03000010,S08000019
S02001736,S13002609,S12000014,S16000112,S03000010,S08000019
S02001737,S13002609,S12000014,S16000112,S03000010,S08000019
S02001738,S13002618,S12000015,S16000100,S03000006,S08000018
S02001739,S13002618,S12000015,S16000100,S03000006,S08000018
S02001740,S13002618,S12000015,S16000100,S03000006,S08000018
S02001741,S13002618,S12000015,S16000100,S03000006,S08000018
S02001742,S13002618,S12000015,S16000100,S03000006,S08000018
S02001743,S13002620,S12000015,S16000100,S03000006,S08000018
S02001744,S13002619,S12000015,S16000100,S03000006,S08000018
S02001745,S13002620,S12000015,S16000100,S03000006,S08000018
S02001746,S13002619,S12000015,S16000100,S03000006,S08000018
S02001747,S13002620,S12000015,S16000100,S03000006,S08000018
S02001748,S13002620,S12000015,S16000100,S03000006,S08000018
S02001749,S13002620,S12000015,S16000100,S03000006,S08000018
S02001750,S13002619,S12000015,S16000100,S03000006,S08000018
S02001751,S13002620,S12000015,S16000100,S03000006,S08000018
S02001752,S13002620,S12000015,S16000100,S03000006,S08000018
S02001753,S13002621,S12000015,S16000100,S03000006,S08000018
S02001754,S13002621,S12000015,S16000100,S03000006,S08000018
S02001755,S13002621,S12000015,S16000100,S03000006,S08000018
S02001756,S13002621,S12000015,S16000100,S03000006,S08000018
S02001757,S13002621,S12000015,S16000100,S03000006,S08000018
S02001758,S13002621,S12000015,S16000100,S03000006,S08000018
S02001759,S13002622,S12000015,S16000092,S03000006,S08000018
S02001760,S13002622,S12000015,S16000092,S03000006,S08000018
S02001761,S13002622,S12000015,S16000092,S03000006,S08000018
S02001762,S13002622,S12000015,S16000092,S03000006,S08000018
S02001763,S13002623,S12000015,S16000092,S03000006,S08000018
S02001764,S13002623,S12000015,S16000092,S03000006,S08000018
S02001765,S13002623,S12000015,S16000092,S03000006,S08000018
S02001766,S13002623,S12000015,S16000092,S03000006,S08000018
S02001767,S13002623,S12000015,S16000092,S03000006,S08000018
S02001768,S13002625,S12000015,S16000092,S03000006,S08000018
S02001769,S13002625,S12000015,S16000092,S03000006,S08000018
S02001770,S13002625,S12000015,S16000092,S03000006,S08000018
S02001771,S13002625,S12000015,S16000092,S03000006,S08000018
S02001772,S13002624,S12000015,S16000092,S03000006,S08000018
S02001773,S13002624,S12000015,S16000092,S03000006,S08000018
S02001774,S13002624,S12000015,S16000092,S03000006,S08000018
S02001775,S13002624,S12000015,S16000092,S03000006,S08000018
S02001776,S13002626,S12000015,S16000092,S03000006,S08000018
S02001777,S13002626,S12000015,S16000092,S03000006,S08000018
S02001778,S13002626,S12000015,S16000092,S03000006,S08000018
S02001779,S13002623,S12000015,S16000092,S03000006,S08000018
S02001780,S13002627,S12000015,S16000127,S03000008,S08000018
S02001781,S13002627,S12000015,S16000127,S03000008,S08000018
S02001782,S13002627,S12000015,S16000127,S03000008,S08000018
S02001783,S13002629,S12000015,S16000127,S03000008,S08000018
S02001784,S13002629,S12000015,S16000127,S03000008,S08000018
S02001785,S13002629,S12000015,S16000127,S03000008,S08000018
S02001786,S13002629,S12000015,S16000127,S03000008,S08000018
S02001787,S13002627,S12000015,S16000127,S03000008,S08000018
S02001788,S13002628,S12000015,S16000127,S03000008,S08000018
S02001789,S13002628,S12000015,S16000127,S03000008,S08000018
S02001790,S13002628,S12000015,S16000127,S03000008,S08000018
S02001791,S13002628,S12000015,S16000127,S03000008,S08000018
S02001792,S13002628,S12000015,S16000127,S03000008,S08000018
S02001793,S13002630,S12000015,S16000127,S03000008,S08000018
S02001794,S13002630,S12000015,S16000127,S03000008,S08000018
S02001795,S13002630,S12000015,S16000127,S03000008,S08000018
S02001796,S13002630,S12000015,S16000127,S03000008,S08000018
S02001797,S13002640,S12000015,S16000127,S03000008,S08000018
S02001798,S13002633,S12000015,S16000129,S03000007,S08000018
S02001799,S13002632,S12000015,S16000129,S03000007,S08000018
S02001800,S13002631,S12000015,S16000129,S03000007,S08000018
S02001801,S13002631,S12000015,S16000129,S03000007,S08000018
S02001802,S13002631,S12000015,S16000129,S03000007,S08000018
S02001803,S13002633,S12000015,S16000129,S03000007,S08000018
S02001804,S13002631,S12000015,S16000129,S03000007,S08000018
S02001805,S13002633,S12000015,S16000129,S03000007,S08000018
S02001806,S13002633,S12000015,S16000129,S03000007,S08000018
S02001807,S13002632,S12000015,S16000129,S03000007,S08000018
S02001808,S13002632,S12000015,S16000129,S03000007,S08000018
S02001809,S13002632,S12000015,S16000129,S03000007,S08000018
S02001810,S13002632,S12000015,S16000129,S03000007,S08000018
S02001811,S13002632,S12000015,S16000129,S03000007,S08000018
S02001812,S13002639,S12000015,S16000129,S03000008,S08000018
S02001813,S13002640,S12000015,S16000127,S03000008,S08000018
S02001814,S13002640,S12000015,S16000127,S03000008,S08000018
S02001815,S13002640,S12000015,S16000127,S03000008,S08000018
S02001816,S13002640,S12000015,S16000127,S03000008,S08000018
S02001817,S13002639,S12000015,S16000129,S03000008,S08000018
S02001818,S13002639,S12000015,S16000129,S03000008,S08000018
S02001819,S13002639,S12000015,S16000129,S03000008,S08000018
S02001820,S13002639,S12000015,S16000129,S03000008,S08000018
S02001821,S13002639,S12000015,S16000129,S03000008,S08000018
S02001822,S13002634,S12000015,S16000134,S03000007,S08000018
S02001823,S13002634,S12000015,S16000134,S03000007,S08000018
S02001824,S13002634,S12000015,S16000134,S03000007,S08000018
S02001825,S13002634,S12000015,S16000134,S03000007,S08000018
S02001826,S13002638,S12000015,S16000134,S03000007,S08000018
S02001827,S13002638,S12000015,S16000134,S03000007,S08000018
S02001828,S13002638,S12000015,S16000134,S03000007,S08000018
S02001829,S13002638,S12000015,S16000134,S03000007,S08000018
S02001830,S13002637,S12000015,S16000134,S03000007,S08000018
S02001831,S13002637,S12000015,S16000134,S03000007,S08000018
S02001832,S13002637,S12000015,S16000134,S03000007,S08000018
S02001833,S13002637,S12000015,S16000134,S03000007,S08000018
S02001834,S13002636,S12000015,S16000134,S03000007,S08000018
S02001835,S13002636,S12000015,S16000134,S03000007,S08000018
S02001836,S13002636,S12000015,S16000134,S03000007,S08000018
S02001837,S13002636,S12000015,S16000134,S03000007,S08000018
S02001838,S13002635,S12000015,S16000134,S03000007,S08000018
S02001839,S13002635,S12000015,S16000134,S03000007,S08000018
S02001840,S13002635,S12000015,S16000134,S03000007,S08000018
S02001841,S13002635,S12000015,S16000134,S03000007,S08000018
S02001842,S13002643,S12000046,S16000119,S03000043,S08000021
S02001843,S13002643,S12000046,S16000119,S03000043,S08000021
S02001844,S13002643,S12000046,S16000119,S03000043,S08000021
S02001845,S13002643,S12000046,S16000119,S03000043,S08000021
S02001846,S13002643,S12000046,S16000119,S03000043,S08000021
S02001847,S13002643,S12000046,S16000119,S03000043,S08000021
S02001848,S13002643,S12000046,S16000119,S03000043,S08000021
S02001849,S13002644,S12000046,S16000119,S03000043,S08000021
S02001850,S13002644,S12000046,S16000119,S03000043,S08000021
S02001851,S13002644,S12000046,S16000119,S03000043,S08000021
S02001852,S13002644,S12000046,S16000119,S03000043,S08000021
S02001853,S13002644,S12000046,S16000119,S03000043,S08000021
S02001854,S13002644,S12000046,S16000119,S03000043,S08000021
S02001855,S13002645,S12000046,S16000119,S03000043,S08000021
S02001856,S13002645,S12000046,S16000119,S03000043,S08000021
S02001857,S13002645,S12000046,S16000119,S03000043,S08000021
S02001858,S13002644,S12000046,S16000119,S03000043,S08000021
S02001859,S13002645,S12000046,S16000122,S03000043,S08000021
S02001860,S13002645,S12000046,S16000122,S03000043,S08000021
S02001861,S13002645,S12000046,S16000122,S03000043,S08000021
S02001862,S13002645,S12000046,S16000122,S03000043,S08000021
S02001863,S13002646,S12000046,S16000122,S03000043,S08000021
S02001864,S13002646,S12000046,S16000122,S03000043,S08000021
S02001865,S13002648,S12000046,S16000122,S03000043,S08000021
S02001866,S13002648,S12000046,S16000122,S03000043,S08000021
S02001867,S13002647,S12000046,S16000116,S03000043,S08000021
S02001868,S13002648,S12000046,S16000122,S03000043,S08000021
S02001869,S13002646,S12000046,S16000122,S03000043,S08000021
S02001870,S13002646,S12000046,S16000122,S03000043,S08000021
S02001871,S13002647,S12000046,S16000116,S03000043,S08000021
S02001872,S13002647,S12000046,S16000116,S03000043,S08000021
S02001873,S13002642,S12000046,S16000116,S03000043,S08000021
S02001874,S13002642,S12000046,S16000116,S03000043,S08000021
S02001875,S13002642,S12000046,S16000116,S03000043,S08000021
S02001876,S13002642,S12000046,S16000116,S03000043,S08000021
S02001877,S13002642,S12000046,S16000116,S03000043,S08000021
S02001878,S13002641,S12000046,S16000116,S03000043,S08000021
S02001879,S13002641,S12000046,S16000116,S03000043,S08000021
S02001880,S13002641,S12000046,S16000116,S03000043,S08000021
S02001881,S13002641,S12000046,S16000116,S03000043,S08000021
S02001882,S13002641,S12000046,S16000116,S03000043,S08000021
S02001883,S13002641,S12000046,S16000116,S03000043,S08000021
S02001884,S13002641,S12000046,S16000116,S03000043,S08000021
S02001885,S13002647,S12000046,S16000116,S03000043,S08000021
S02001886,S13002647,S12000046,S16000116,S03000043,S08000021
S02001887,S13002647,S12000046,S16000116,S03000043,S08000021
S02001888,S13002648,S12000046,S16000122,S03000043,S08000021
S02001889,S13002648,S12000046,S16000122,S03000043,S08000021
S02001890,S13002645,S12000046,S16000122,S03000043,S08000021
S02001891,S13002649,S12000046,S16000121,S03000043,S08000021
S02001892,S13002649,S12000046,S16000121,S03000043,S08000021
S02001893,S13002649,S12000046,S16000121,S03000043,S08000021
S02001894,S13002649,S12000046,S16000121,S03000043,S08000021
S02001895,S13002659,S12000046,S16000121,S03000043,S08000021
S02001896,S13002659,S12000046,S16000121,S03000043,S08000021
S02001897,S13002659,S12000046,S16000121,S03000043,S08000021
S02001898,S13002659,S12000046,S16000121,S03000043,S08000021
S02001899,S13002659,S12000046,S16000121,S03000043,S08000021
S02001900,S13002660,S12000046,S16000121,S03000043,S08000021
S02001901,S13002660,S12000046,S16000121,S03000043,S08000021
S02001902,S13002660,S12000046,S16000121,S03000043,S08000021
S02001903,S13002660,S12000046,S16000121,S03000043,S08000021
S02001904,S13002834,S12000046,S16000120,S03000043,S08000021
S02001905,S13002834,S12000046,S16000120,S03000043,S08000021
S02001906,S13002834,S12000046,S16000120,S03000043,S08000021
S02001907,S13002660,S12000046,S16000120,S03000043,S08000021
S02001908,S13002660,S12000046,S16000121,S03000043,S08000021
S02001909,S13002660,S12000046,S16000120,S03000043,S08000021
S02001910,S13002659,S12000046,S16000121,S03000043,S08000021
S02001911,S13002659,S12000046,S16000121,S03000043,S08000021
S02001912,S13002658,S12000046,S16000120,S03000043,S08000021
S02001913,S13002658,S12000046,S16000120,S03000043,S08000021
S02001914,S13002658,S12000046,S16000120,S03000043,S08000021
S02001915,S13002834,S12000046,S16000120,S03000043,S08000021
S02001916,S13002658,S12000046,S16000120,S03000043,S08000021
S02001917,S13002834,S12000046,S16000120,S03000043,S08000021
S02001918,S13002834,S12000046,S16000120,S03000043,S08000021
S02001919,S13002834,S12000046,S16000120,S03000043,S08000021
S02001920,S13002834,S12000046,S16000120,S03000043,S08000021
S02001921,S13002657,S12000046,S16000118,S03000043,S08000021
S02001922,S13002657,S12000046,S16000118,S03000043,S08000021
S02001923,S13002657,S12000046,S16000118,S03000043,S08000021
S02001924,S13002656,S12000046,S16000118,S03000043,S08000021
S02001925,S13002657,S12000046,S16000118,S03000043,S08000021
S02001926,S13002657,S12000046,S16000118,S03000043,S08000021
S02001927,S13002658,S12000046,S16000120,S03000043,S08000021
S02001928,S13002658,S12000046,S16000120,S03000043,S08000021
S02001929,S13002658,S12000046,S16000120,S03000043,S08000021
S02001930,S13002658,S12000046,S16000120,S03000043,S08000021
S02001931,S13002649,S12000046,S16000121,S03000043,S08000021
S02001932,S13002650,S12000046,S16000117,S03000043,S08000021
S02001933,S13002650,S12000046,S16000117,S03000043,S08000021
S02001934,S13002650,S12000046,S16000117,S03000043,S08000021
S02001935,S13002650,S12000046,S16000117,S03000043,S08000021
S02001936,S13002650,S12000046,S16000117,S03000043,S08000021
S02001937,S13002651,S12000046,S16000117,S03000043,S08000021
S02001938,S13002651,S12000046,S16000117,S03000043,S08000021
S02001939,S13002651,S12000046,S16000117,S03000043,S08000021
S02001940,S13002656,S12000046,S16000118,S03000043,S08000021
S02001941,S13002655,S12000046,S16000118,S03000043,S08000021
S02001942,S13002656,S12000046,S16000118,S03000043,S08000021
S02001943,S13002656,S12000046,S16000118,S03000043,S08000021
S02001944,S13002656,S12000046,S16000118,S03000043,S08000021
S02001945,S13002655,S12000046,S16000118,S03000043,S08000021
S02001946,S13002655,S12000046,S16000118,S03000043,S08000021
S02001947,S13002655,S12000046,S16000118,S03000043,S08000021
S02001948,S13002655,S12000046,S16000118,S03000043,S08000021
S02001949,S13002655,S12000046,S16000118,S03000043,S08000021
S02001950,S13002655,S12000046,S16000118,S03000043,S08000021
S02001951,S13002656,S12000046,S16000117,S03000043,S08000021
S02001952,S13002651,S12000046,S16000117,S03000043,S08000021
S02001953,S13002652,S12000046,S16000117,S03000043,S08000021
S02001954,S13002652,S12000046,S16000117,S03000043,S08000021
S02001955,S13002652,S12000046,S16000117,S03000043,S08000021
S02001956,S13002651,S12000046,S16000117,S03000043,S08000021
S02001957,S13002651,S12000046,S16000117,S03000043,S08000021
S02001958,S13002652,S12000046,S16000115,S03000043,S08000021
S02001959,S13002652,S12000046,S16000115,S03000043,S08000021
S02001960,S13002652,S12000046,S16000115,S03000043,S08000021
S02001961,S13002652,S12000046,S16000115,S03000043,S08000021
S02001962,S13002653,S12000046,S16000115,S03000043,S08000021
S02001963,S13002653,S12000046,S16000115,S03000043,S08000021
S02001964,S13002653,S12000046,S16000115,S03000043,S08000021
S02001965,S13002653,S12000046,S16000115,S03000043,S08000021
S02001966,S13002653,S12000046,S16000115,S03000043,S08000021
S02001967,S13002653,S12000046,S16000115,S03000043,S08000021
S02001968,S13002653,S12000046,S16000115,S03000043,S08000021
S02001969,S13002653,S12000046,S16000115,S03000043,S08000021
S02001970,S13002655,S12000046,S16000118,S03000043,S08000021
S02001971,S13002654,S12000046,S16000115,S03000043,S08000021
S02001972,S13002654,S12000046,S16000115,S03000043,S08000021
S02001973,S13002654,S12000046,S16000115,S03000043,S08000021
S02001974,S13002654,S12000046,S16000115,S03000043,S08000021
S02001975,S13002654,S12000046,S16000115,S03000043,S08000021
S02001976,S13002654,S12000046,S16000115,S03000043,S08000021
S02001977,S13002654,S12000046,S16000115,S03000043,S08000021
S02001978,S13002683,S12000017,S16000143,S03000044,S08000022
S02001979,S13002673,S12000017,S16000143,S03000044,S08000022
S02001980,S13002683,S12000017,S16000143,S03000044,S08000022
S02001981,S13002683,S12000017,S16000143,S03000044,S08000022
S02001982,S13002682,S12000017,S16000143,S03000044,S08000022
S02001983,S13002682,S12000017,S16000143,S03000044,S08000022
S02001984,S13002682,S12000017,S16000125,S03000044,S08000022
S02001985,S13002680,S12000017,S16000125,S03000044,S08000022
S02001986,S13002680,S12000017,S16000125,S03000044,S08000022
S02001987,S13002680,S12000017,S16000125,S03000044,S08000022
S02001988,S13002679,S12000017,S16000125,S03000044,S08000022
S02001989,S13002679,S12000017,S16000125,S03000044,S08000022
S02001990,S13002679,S12000017,S16000125,S03000044,S08000022
S02001991,S13002681,S12000017,S16000125,S03000044,S08000022
S02001992,S13002681,S12000017,S16000125,S03000044,S08000022
S02001993,S13002681,S12000017,S16000125,S03000044,S08000022
S02001994,S13002677,S12000017,S16000125,S03000044,S08000022
S02001995,S13002677,S12000017,S16000125,S03000044,S08000022
S02001996,S13002677,S12000017,S16000125,S03000044,S08000022
S02001997,S13002678,S12000017,S16000125,S03000044,S08000022
S02001998,S13002678,S12000017,S16000125,S03000044,S08000022
S02001999,S13002676,S12000017,S16000125,S03000044,S08000022
S02002000,S13002676,S12000017,S16000125,S03000044,S08000022
S02002001,S13002676,S12000017,S16000125,S03000044,S08000022
S02002002,S13002676,S12000017,S16000125,S03000044,S08000022
S02002003,S13002675,S12000017,S16000125,S03000044,S08000022
S02002004,S13002675,S12000017,S16000125,S03000044,S08000022
S02002005,S13002674,S12000017,S16000143,S03000044,S08000022
S02002006,S13002674,S12000017,S16000143,S03000044,S08000022
S02002007,S13002667,S12000017,S16000143,S03000044,S08000022
S02002008,S13002672,S12000017,S16000143,S03000044,S08000022
S02002009,S13002672,S12000017,S16000143,S03000044,S08000022
S02002010,S13002672,S12000017,S16000143,S03000044,S08000022
S02002011,S13002667,S12000017,S16000086,S03000044,S08000022
S02002012,S13002667,S12000017,S16000086,S03000044,S08000022
S02002013,S13002667,S12000017,S16000086,S03000044,S08000022
S02002014,S13002668,S12000017,S16000086,S03000044,S08000022
S02002015,S13002670,S12000017,S16000143,S03000044,S08000022
S02002016,S13002670,S12000017,S16000143,S03000044,S08000022
S02002017,S13002670,S12000017,S16000143,S03000044,S08000022
S02002018,S13002671,S12000017,S16000143,S03000044,S08000022
S02002019,S13002671,S12000017,S16000143,S03000044,S08000022
S02002020,S13002668,S12000017,S16000086,S03000044,S08000022
S02002021,S13002668,S12000017,S16000086,S03000044,S08000022
S02002022,S13002669,S12000017,S16000086,S03000044,S08000022
S02002023,S13002669,S12000017,S16000086,S03000044,S08000022
S02002024,S13002666,S12000017,S16000086,S03000044,S08000022
S02002025,S13002666,S12000017,S16000086,S03000044,S08000022
S02002026,S13002665,S12000017,S16000086,S03000044,S08000022
S02002027,S13002664,S12000017,S16000086,S03000044,S08000022
S02002028,S13002664,S12000017,S16000086,S03000044,S08000022
S02002029,S13002665,S12000017,S16000086,S03000044,S08000022
S02002030,S13002665,S12000017,S16000086,S03000044,S08000022
S02002031,S13002663,S12000017,S16000086,S03000044,S08000022
S02002032,S13002663,S12000017,S16000086,S03000044,S08000022
S02002033,S13002662,S12000017,S16000086,S03000044,S08000022
S02002034,S13002684,S12000018,S16000139,S03000018,S08000021
S02002035,S13002684,S12000018,S16000139,S03000018,S08000021
S02002036,S13002689,S12000018,S16000123,S03000018,S08000021
S02002037,S13002688,S12000018,S16000123,S03000018,S08000021
S02002038,S13002688,S12000018,S16000123,S03000018,S08000021
S02002039,S13002688,S12000018,S16000123,S03000018,S08000021
S02002040,S13002687,S12000018,S16000123,S03000018,S08000021
S02002041,S13002687,S12000018,S16000123,S03000018,S08000021
S02002042,S13002686,S12000018,S16000123,S03000018,S08000021
S02002043,S13002686,S12000018,S16000123,S03000018,S08000021
S02002044,S13002687,S12000018,S16000123,S03000018,S08000021
S02002045,S13002686,S12000018,S16000123,S03000018,S08000021
S02002046,S13002686,S12000018,S16000123,S03000018,S08000021
S02002047,S13002685,S12000018,S16000123,S03000018,S08000021
S02002048,S13002685,S12000018,S16000123,S03000018,S08000021
S02002049,S13002684,S12000018,S16000123,S03000018,S08000021
S02002050,S13002684,S12000018,S16000123,S03000018,S08000021
S02002051,S13002693,S12000019,S16000130,S03000032,S08000024
S02002052,S13002690,S12000019,S16000131,S03000032,S08000024
S02002053,S13002690,S12000019,S16000131,S03000032,S08000024
S02002054,S13002690,S12000019,S16000131,S03000032,S08000024
S02002055,S13002690,S12000019,S16000131,S03000032,S08000024
S02002056,S13002693,S12000019,S16000131,S03000032,S08000024
S02002057,S13002693,S12000019,S16000130,S03000032,S08000024
S02002058,S13002693,S12000019,S16000130,S03000032,S08000024
S02002059,S13002693,S12000019,S16000130,S03000032,S08000024
S02002060,S13002691,S12000019,S16000130,S03000032,S08000024
S02002061,S13002691,S12000019,S16000130,S03000032,S08000024
S02002062,S13002691,S12000019,S16000130,S03000032,S08000024
S02002063,S13002694,S12000019,S16000130,S03000032,S08000024
S02002064,S13002692,S12000019,S16000130,S03000032,S08000024
S02002065,S13002692,S12000019,S16000130,S03000032,S08000024
S02002066,S13002692,S12000019,S16000130,S03000032,S08000024
S02002067,S13002694,S12000019,S16000130,S03000032,S08000024
S02002068,S13002694,S12000019,S16000130,S03000032,S08000024
S02002069,S13002694,S12000019,S16000130,S03000032,S08000024
S02002070,S13002695,S12000019,S16000131,S03000032,S08000024
S02002071,S13002695,S12000019,S16000131,S03000032,S08000024
S02002072,S13002695,S12000019,S16000131,S03000032,S08000024
S02002073,S13002696,S12000020,S16000132,S03000014,S08000020
S02002074,S13002696,S12000020,S16000132,S03000014,S08000020
S02002075,S13002697,S12000020,S16000132,S03000014,S08000020
S02002076,S13002697,S12000020,S16000132,S03000014,S08000020
S02002077,S13002697,S12000020,S16000085,S03000014,S08000020
S02002078,S13002698,S12000020,S16000085,S03000014,S08000020
S02002079,S13002698,S12000020,S16000085,S03000014,S08000020
S02002080,S13002699,S12000020,S16000132,S03000014,S08000020
S02002081,S13002699,S12000020,S16000132,S03000014,S08000020
S02002082,S13002702,S12000020,S16000132,S03000014,S08000020
S02002083,S13002699,S12000020,S16000132,S03000014,S08000020
S02002084,S13002701,S12000020,S16000132,S03000014,S08000020
S02002085,S13002702,S12000020,S16000132,S03000014,S08000020
S02002086,S13002702,S12000020,S16000132,S03000014,S08000020
S02002087,S13002702,S12000020,S16000132,S03000014,S08000020
S02002088,S13002701,S12000020,S16000132,S03000014,S08000020
S02002089,S13002701,S12000020,S16000132,S03000014,S08000020
S02002090,S13002700,S12000020,S16000132,S03000014,S08000020
S02002091,S13002700,S12000020,S16000132,S03000014,S08000020
S02002092,S13002700,S12000020,S16000132,S03000014,S08000020
S02002093,S13002703,S12000020,S16000132,S03000014,S08000020
S02002094,S13002703,S12000020,S16000132,S03000014,S08000020
S02002095,S13002703,S12000020,S16000132,S03000014,S08000020
S02002096,S13002703,S12000020,S16000132,S03000014,S08000020
S02002097,S13002708,S12000021,S16000094,S03000002,S08000015
S02002098,S13002705,S12000021,S16000095,S03000002,S08000015
S02002099,S13002704,S12000021,S16000095,S03000002,S08000015
S02002100,S13002705,S12000021,S16000095,S03000002,S08000015
S02002101,S13002705,S12000021,S16000095,S03000002,S08000015
S02002102,S13002705,S12000021,S16000095,S03000002,S08000015
S02002103,S13002705,S12000021,S16000095,S03000002,S08000015
S02002104,S13002705,S12000021,S16000095,S03000002,S08000015
S02002105,S13002704,S12000021,S16000095,S03000002,S08000015
S02002106,S13002704,S12000021,S16000095,S03000002,S08000015
S02002107,S13002704,S12000021,S16000095,S03000002,S08000015
S02002108,S13002704,S12000021,S16000095,S03000002,S08000015
S02002109,S13002704,S12000021,S16000095,S03000002,S08000015
S02002110,S13002707,S12000021,S16000095,S03000002,S08000015
S02002111,S13002707,S12000021,S16000094,S03000002,S08000015
S02002112,S13002708,S12000021,S16000094,S03000002,S08000015
S02002113,S13002708,S12000021,S16000094,S03000002,S08000015
S02002114,S13002708,S12000021,S16000094,S03000002,S08000015
S02002115,S13002707,S12000021,S16000094,S03000002,S08000015
S02002116,S13002707,S12000021,S16000094,S03000002,S08000015
S02002117,S13002707,S12000021,S16000095,S03000002,S08000015
S02002118,S13002707,S12000021,S16000095,S03000002,S08000015
S02002119,S13002706,S12000021,S16000095,S03000002,S08000015
S02002120,S13002706,S12000021,S16000095,S03000002,S08000015
S02002121,S13002706,S12000021,S16000095,S03000002,S08000015
S02002122,S13002706,S12000021,S16000095,S03000002,S08000015
S02002123,S13002709,S12000021,S16000094,S03000002,S08000015
S02002124,S13002709,S12000021,S16000094,S03000002,S08000015
S02002125,S13002711,S12000021,S16000094,S03000002,S08000015
S02002126,S13002709,S12000021,S16000094,S03000002,S08000015
S02002127,S13002711,S12000021,S16000094,S03000002,S08000015
S02002128,S13002711,S12000021,S16000094,S03000002,S08000015
S02002129,S13002711,S12000021,S16000094,S03000002,S08000015
S02002130,S13002711,S12000021,S16000094,S03000002,S08000015
S02002131,S13002710,S12000021,S16000094,S03000002,S08000015
S02002132,S13002710,S12000021,S16000094,S03000002,S08000015
S02002133,S13002710,S12000021,S16000094,S03000002,S08000015
S02002134,S13002710,S12000021,S16000094,S03000002,S08000015
S02002135,S13002731,S12000044,S16000133,S03000029,S08000023
S02002136,S13002731,S12000044,S16000133,S03000029,S08000023
S02002137,S13002729,S12000044,S16000133,S03000029,S08000023
S02002138,S13002729,S12000044,S16000133,S03000029,S08000023
S02002139,S13002729,S12000044,S16000133,S03000029,S08000023
S02002140,S13002731,S12000044,S16000133,S03000029,S08000023
S02002141,S13002731,S12000044,S16000133,S03000029,S08000023
S02002142,S13002731,S12000044,S16000133,S03000029,S08000023
S02002143,S13002730,S12000044,S16000133,S03000029,S08000023
S02002144,S13002730,S12000044,S16000133,S03000029,S08000023
S02002145,S13002730,S12000044,S16000133,S03000029,S08000023
S02002146,S13002723,S12000044,S16000079,S03000029,S08000023
S02002147,S13002723,S12000044,S16000079,S03000029,S08000023
S02002148,S13002723,S12000044,S16000079,S03000029,S08000023
S02002149,S13002723,S12000044,S16000079,S03000029,S08000023
S02002150,S13002730,S12000044,S16000133,S03000029,S08000023
S02002151,S13002728,S12000044,S16000146,S03000029,S08000023
S02002152,S13002728,S12000044,S16000146,S03000029,S08000023
S02002153,S13002726,S12000044,S16000146,S03000029,S08000023
S02002154,S13002728,S12000044,S16000146,S03000029,S08000023
S02002155,S13002729,S12000044,S16000133,S03000029,S08000023
S02002156,S13002727,S12000044,S16000133,S03000029,S08000023
S02002157,S13002727,S12000044,S16000133,S03000029,S08000023
S02002158,S13002727,S12000044,S16000133,S03000029,S08000023
S02002159,S13002727,S12000044,S16000133,S03000029,S08000023
S02002160,S13002726,S12000044,S16000146,S03000029,S08000023
S02002161,S13002726,S12000044,S16000146,S03000029,S08000023
S02002162,S13002725,S12000044,S16000146,S03000029,S08000023
S02002163,S13002725,S12000044,S16000146,S03000029,S08000023
S02002164,S13002725,S12000044,S16000146,S03000029,S08000023
S02002165,S13002725,S12000044,S16000146,S03000029,S08000023
S02002166,S13002724,S12000044,S16000146,S03000029,S08000023
S02002167,S13002724,S12000044,S16000146,S03000029,S08000023
S02002168,S13002724,S12000044,S16000146,S03000029,S08000023
S02002169,S13002720,S12000044,S16000091,S03000029,S08000023
S02002170,S13002721,S12000044,S16000091,S03000029,S08000023
S02002171,S13002720,S12000044,S16000091,S03000029,S08000023
S02002172,S13002720,S12000044,S16000091,S03000029,S08000023
S02002173,S13002717,S12000044,S16000091,S03000029,S08000023
S02002174,S13002717,S12000044,S16000091,S03000029,S08000023
S02002175,S13002717,S12000044,S16000091,S03000029,S08000023
S02002176,S13002717,S12000044,S16000091,S03000029,S08000023
S02002177,S13002721,S12000044,S16000091,S03000029,S08000023
S02002178,S13002721,S12000044,S16000091,S03000029,S08000023
S02002179,S13002722,S12000044,S16000079,S03000029,S08000023
S02002180,S13002722,S12000044,S16000079,S03000029,S08000023
S02002181,S13002722,S12000044,S16000079,S03000029,S08000023
S02002182,S13002722,S12000044,S16000079,S03000029,S08000023
S02002183,S13002722,S12000044,S16000079,S03000029,S08000023
S02002184,S13002719,S12000044,S16000079,S03000029,S08000023
S02002185,S13002722,S12000044,S16000079,S03000029,S08000023
S02002186,S13002719,S12000044,S16000079,S03000029,S08000023
S02002187,S13002718,S12000044,S16000079,S03000029,S08000023
S02002188,S13002719,S12000044,S16000079,S03000029,S08000023
S02002189,S13002718,S12000044,S16000079,S03000029,S08000023
S02002190,S13002718,S12000044,S16000079,S03000029,S08000023
S02002191,S13002718,S12000044,S16000079,S03000029,S08000023
S02002192,S13002717,S12000044,S16000091,S03000029,S08000023
S02002193,S13002832,S12000044,S16000091,S03000029,S08000023
S02002194,S13002832,S12000044,S16000091,S03000029,S08000023
S02002195,S13002832,S12000044,S16000091,S03000029,S08000023
S02002196,S13002832,S12000044,S16000091,S03000029,S08000023
S02002197,S13002832,S12000044,S16000091,S03000029,S08000023
S02002198,S13002713,S12000044,S16000093,S03000029,S08000023
S02002199,S13002714,S12000044,S16000093,S03000029,S08000023
S02002200,S13002714,S12000044,S16000093,S03000029,S08000023
S02002201,S13002714,S12000044,S16000093,S03000029,S08000023
S02002202,S13002714,S12000044,S16000093,S03000029,S08000023
S02002203,S13002715,S12000044,S16000093,S03000029,S08000023
S02002204,S13002715,S12000044,S16000093,S03000029,S08000023
S02002205,S13002715,S12000044,S16000093,S03000029,S08000023
S02002206,S13002715,S12000044,S16000093,S03000029,S08000023
S02002207,S13002713,S12000044,S16000093,S03000029,S08000023
S02002208,S13002713,S12000044,S16000093,S03000029,S08000023
S02002209,S13002713,S12000044,S16000093,S03000029,S08000023
S02002210,S13002712,S12000044,S16000093,S03000029,S08000023
S02002211,S13002712,S12000044,S16000093,S03000029,S08000023
S02002212,S13002712,S12000044,S16000093,S03000029,S08000023
S02002213,S13002734,S12000023,S16000135,S03000036,S08000025
S02002214,S13002735,S12000023,S16000135,S03000036,S08000025
S02002215,S13002736,S12000023,S16000135,S03000036,S08000025
S02002216,S13002733,S12000023,S16000135,S03000036,S08000025
S02002217,S13002732,S12000023,S16000135,S03000036,S08000025
S02002218,S13002737,S12000023,S16000135,S03000036,S08000025
S02002219,S13002745,S12000024,S16000138,S03000040,S08000027
S02002220,S13002745,S12000024,S16000138,S03000040,S08000027
S02002221,S13002745,S12000024,S16000138,S03000040,S08000027
S02002222,S13002744,S12000024,S16000138,S03000040,S08000027
S02002223,S13002744,S12000024,S16000138,S03000040,S08000027
S02002224,S13002743,S12000024,S16000138,S03000040,S08000027
S02002225,S13002743,S12000024,S16000138,S03000040,S08000027
S02002226,S13002743,S12000024,S16000138,S03000040,S08000027
S02002227,S13002746,S12000024,S16000138,S03000040,S08000027
S02002228,S13002744,S12000024,S16000138,S03000040,S08000027
S02002229,S13002746,S12000024,S16000138,S03000040,S08000027
S02002230,S13002747,S12000024,S16000138,S03000040,S08000027
S02002231,S13002747,S12000024,S16000138,S03000040,S08000027
S02002232,S13002747,S12000024,S16000138,S03000040,S08000027
S02002233,S13002748,S12000024,S16000138,S03000040,S08000027
S02002234,S13002748,S12000024,S16000138,S03000040,S08000027
S02002235,S13002748,S12000024,S16000138,S03000040,S08000027
S02002236,S13002749,S12000024,S16000137,S03000040,S08000027
S02002237,S13002749,S12000024,S16000137,S03000040,S08000027
S02002238,S13002749,S12000024,S16000137,S03000040,S08000027
S02002239,S13002749,S12000024,S16000137,S03000040,S08000027
S02002240,S13002749,S12000024,S16000137,S03000040,S08000027
S02002241,S13002739,S12000024,S16000137,S03000040,S08000027
S02002242,S13002739,S12000024,S16000137,S03000040,S08000027
S02002243,S13002738,S12000024,S16000137,S03000040,S08000027
S02002244,S13002738,S12000024,S16000137,S03000040,S08000027
S02002245,S13002739,S12000024,S16000137,S03000040,S08000027
S02002246,S13002739,S12000024,S16000137,S03000040,S08000027
S02002247,S13002742,S12000024,S16000137,S03000040,S08000027
S02002248,S13002740,S12000024,S16000137,S03000040,S08000027
S02002249,S13002740,S12000024,S16000137,S03000040,S08000027
S02002250,S13002742,S12000024,S16000137,S03000040,S08000027
S02002251,S13002742,S12000024,S16000137,S03000040,S08000027
S02002252,S13002741,S12000024,S16000137,S03000040,S08000027
S02002253,S13002741,S12000024,S16000137,S03000040,S08000027
S02002254,S13002757,S12000038,S16000140,S03000020,S08000021
S02002255,S13002756,S12000038,S16000140,S03000020,S08000021
S02002256,S13002758,S12000038,S16000140,S03000020,S08000021
S02002257,S13002757,S12000038,S16000140,S03000020,S08000021
S02002258,S13002756,S12000038,S16000140,S03000020,S08000021
S02002259,S13002757,S12000038,S16000140,S03000020,S08000021
S02002260,S13002757,S12000038,S16000140,S03000020,S08000021
S02002261,S13002756,S12000038,S16000140,S03000020,S08000021
S02002262,S13002756,S12000038,S16000140,S03000020,S08000021
S02002263,S13002753,S12000038,S16000136,S03000020,S08000021
S02002264,S13002753,S12000038,S16000136,S03000020,S08000021
S02002265,S13002755,S12000038,S16000136,S03000020,S08000021
S02002266,S13002755,S12000038,S16000136,S03000020,S08000021
S02002267,S13002755,S12000038,S16000136,S03000020,S08000021
S02002268,S13002755,S12000038,S16000136,S03000020,S08000021
S02002269,S13002754,S12000038,S16000136,S03000020,S08000021
S02002270,S13002754,S12000038,S16000136,S03000020,S08000021
S02002271,S13002754,S12000038,S16000136,S03000020,S08000021
S02002272,S13002754,S12000038,S16000136,S03000020,S08000021
S02002273,S13002752,S12000038,S16000136,S03000020,S08000021
S02002274,S13002752,S12000038,S16000136,S03000020,S08000021
S02002275,S13002752,S12000038,S16000136,S03000020,S08000021
S02002276,S13002752,S12000038,S16000136,S03000020,S08000021
S02002277,S13002751,S12000038,S16000139,S03000020,S08000021
S02002278,S13002753,S12000038,S16000136,S03000020,S08000021
S02002279,S13002751,S12000038,S16000139,S03000020,S08000021
S02002280,S13002751,S12000038,S16000139,S03000020,S08000021
S02002281,S13002750,S12000038,S16000139,S03000020,S08000021
S02002282,S13002750,S12000038,S16000139,S03000020,S08000021
S02002283,S13002760,S12000038,S16000139,S03000020,S08000021
S02002284,S13002760,S12000038,S16000139,S03000020,S08000021
S02002285,S13002760,S12000038,S16000139,S03000020,S08000021
S02002286,S13002759,S12000038,S16000139,S03000020,S08000021
S02002287,S13002758,S12000038,S16000140,S03000020,S08000021
S02002288,S13002758,S12000038,S16000140,S03000020,S08000021
S02002289,S13002758,S12000038,S16000140,S03000020,S08000021
S02002290,S13002758,S12000038,S16000139,S03000020,S08000021
S02002291,S13002759,S12000038,S16000139,S03000020,S08000021
S02002292,S13002761,S12000026,S16000131,S03000004,S08000016
S02002293,S13002761,S12000026,S16000131,S03000004,S08000016
S02002294,S13002762,S12000026,S16000131,S03000004,S08000016
S02002295,S13002762,S12000026,S16000131,S03000004,S08000016
S02002296,S13002765,S12000026,S16000131,S03000004,S08000016
S02002297,S13002763,S12000026,S16000131,S03000004,S08000016
S02002298,S13002763,S12000026,S16000131,S03000004,S08000016
S02002299,S13002763,S12000026,S16000131,S03000004,S08000016
S02002300,S13002763,S12000026,S16000131,S03000004,S08000016
S02002301,S13002765,S12000026,S16000131,S03000004,S08000016
S02002302,S13002765,S12000026,S16000131,S03000004,S08000016
S02002303,S13002766,S12000026,S16000111,S03000004,S08000016
S02002304,S13002766,S12000026,S16000111,S03000004,S08000016
S02002305,S13002767,S12000026,S16000111,S03000004,S08000016
S02002306,S13002767,S12000026,S16000111,S03000004,S08000016
S02002307,S13002767,S12000026,S16000111,S03000004,S08000016
S02002308,S13002766,S12000026,S16000111,S03000004,S08000016
S02002309,S13002768,S12000026,S16000111,S03000004,S08000016
S02002310,S13002768,S12000026,S16000111,S03000004,S08000016
S02002311,S13002768,S12000026,S16000111,S03000004,S08000016
S02002312,S13002769,S12000026,S16000111,S03000004,S08000016
S02002313,S13002769,S12000026,S16000111,S03000004,S08000016
S02002314,S13002769,S12000026,S16000111,S03000004,S08000016
S02002315,S13002770,S12000026,S16000111,S03000004,S08000016
S02002316,S13002770,S12000026,S16000111,S03000004,S08000016
S02002317,S13002771,S12000026,S16000111,S03000004,S08000016
S02002318,S13002771,S12000026,S16000111,S03000004,S08000016
S02002319,S13002770,S12000026,S16000111,S03000004,S08000016
S02002320,S13002764,S12000026,S16000111,S03000004,S08000016
S02002321,S13002764,S12000026,S16000111,S03000004,S08000016
S02002322,S13002776,S12000027,S16000142,S03000037,S08000026
S02002323,S13002778,S12000027,S16000142,S03000037,S08000026
S02002324,S13002777,S12000027,S16000142,S03000037,S08000026
S02002325,S13002775,S12000027,S16000142,S03000037,S08000026
S02002326,S13002774,S12000027,S16000142,S03000037,S08000026
S02002327,S13002773,S12000027,S16000142,S03000037,S08000026
S02002328,S13002772,S12000027,S16000142,S03000037,S08000026
S02002329,S13002786,S12000028,S16000087,S03000003,S08000015
S02002330,S13002786,S12000028,S16000087,S03000003,S08000015
S02002331,S13002786,S12000028,S16000087,S03000003,S08000015
S02002332,S13002785,S12000028,S16000087,S03000003,S08000015
S02002333,S13002785,S12000028,S16000087,S03000003,S08000015
S02002334,S13002785,S12000028,S16000087,S03000003,S08000015
S02002335,S13002783,S12000028,S16000084,S03000003,S08000015
S02002336,S13002782,S12000028,S16000084,S03000003,S08000015
S02002337,S13002782,S12000028,S16000084,S03000003,S08000015
S02002338,S13002782,S12000028,S16000084,S03000003,S08000015
S02002339,S13002783,S12000028,S16000084,S03000003,S08000015
S02002340,S13002781,S12000028,S16000084,S03000003,S08000015
S02002341,S13002781,S12000028,S16000084,S03000003,S08000015
S02002342,S13002781,S12000028,S16000084,S03000003,S08000015
S02002343,S13002781,S12000028,S16000084,S03000003,S08000015
S02002344,S13002781,S12000028,S16000084,S03000003,S08000015
S02002345,S13002780,S12000028,S16000084,S03000003,S08000015
S02002346,S13002780,S12000028,S16000084,S03000003,S08000015
S02002347,S13002780,S12000028,S16000084,S03000003,S08000015
S02002348,S13002784,S12000028,S16000087,S03000003,S08000015
S02002349,S13002784,S12000028,S16000087,S03000003,S08000015
S02002350,S13002784,S12000028,S16000087,S03000003,S08000015
S02002351,S13002779,S12000028,S16000084,S03000003,S08000015
S02002352,S13002779,S12000028,S16000084,S03000003,S08000015
S02002353,S13002779,S12000028,S16000084,S03000003,S08000015
S02002354,S13002789,S12000029,S16000090,S03000030,S08000023
S02002355,S13002789,S12000029,S16000090,S03000030,S08000023
S02002356,S13002789,S12000029,S16000090,S03000030,S08000023
S02002357,S13002788,S12000029,S16000090,S03000030,S08000023
S02002358,S13002787,S12000029,S16000090,S03000030,S08000023
S02002359,S13002787,S12000029,S16000090,S03000030,S08000023
S02002360,S13002787,S12000029,S16000090,S03000030,S08000023
S02002361,S13002787,S12000029,S16000090,S03000030,S08000023
S02002362,S13002787,S12000029,S16000090,S03000030,S08000023
S02002363,S13002787,S12000029,S16000090,S03000030,S08000023
S02002364,S13002788,S12000029,S16000090,S03000030,S08000023
S02002365,S13002788,S12000029,S16000090,S03000030,S08000023
S02002366,S13002788,S12000029,S16000090,S03000030,S08000023
S02002367,S13002788,S12000029,S16000090,S03000030,S08000023
S02002368,S13002790,S12000029,S16000090,S03000030,S08000023
S02002369,S13002790,S12000029,S16000090,S03000030,S08000023
S02002370,S13002790,S12000029,S16000090,S03000030,S08000023
S02002371,S13002806,S12000029,S16000124,S03000030,S08000023
S02002372,S13002806,S12000029,S16000124,S03000030,S08000023
S02002373,S13002806,S12000029,S16000124,S03000030,S08000023
S02002374,S13002806,S12000029,S16000124,S03000030,S08000023
S02002375,S13002806,S12000029,S16000124,S03000030,S08000023
S02002376,S13002791,S12000029,S16000124,S03000030,S08000023
S02002377,S13002791,S12000029,S16000090,S03000030,S08000023
S02002378,S13002791,S12000029,S16000090,S03000030,S08000023
S02002379,S13002791,S12000029,S16000090,S03000030,S08000023
S02002380,S13002806,S12000029,S16000124,S03000030,S08000023
S02002381,S13002805,S12000029,S16000124,S03000030,S08000023
S02002382,S13002805,S12000029,S16000124,S03000030,S08000023
S02002383,S13002805,S12000029,S16000124,S03000030,S08000023
S02002384,S13002803,S12000029,S16000124,S03000030,S08000023
S02002385,S13002805,S12000029,S16000124,S03000030,S08000023
S02002386,S13002805,S12000029,S16000124,S03000030,S08000023
S02002387,S13002805,S12000029,S16000124,S03000030,S08000023
S02002388,S13002804,S12000029,S16000124,S03000030,S08000023
S02002389,S13002804,S12000029,S16000124,S03000030,S08000023
S02002390,S13002804,S12000029,S16000124,S03000030,S08000023
S02002391,S13002801,S12000029,S16000141,S03000030,S08000023
S02002392,S13002801,S12000029,S16000141,S03000030,S08000023
S02002393,S13002801,S12000029,S16000141,S03000030,S08000023
S02002394,S13002801,S12000029,S16000141,S03000030,S08000023
S02002395,S13002801,S12000029,S16000141,S03000030,S08000023
S02002396,S13002804,S12000029,S16000124,S03000030,S08000023
S02002397,S13002804,S12000029,S16000124,S03000030,S08000023
S02002398,S13002803,S12000029,S16000146,S03000030,S08000023
S02002399,S13002802,S12000029,S16000146,S03000030,S08000023
S02002400,S13002802,S12000029,S16000146,S03000030,S08000023
S02002401,S13002802,S12000029,S16000146,S03000030,S08000023
S02002402,S13002800,S12000029,S16000141,S03000030,S08000023
S02002403,S13002800,S12000029,S16000141,S03000030,S08000023
S02002404,S13002800,S12000029,S16000141,S03000030,S08000023
S02002405,S13002799,S12000029,S16000141,S03000030,S08000023
S02002406,S13002799,S12000029,S16000141,S03000030,S08000023
S02002407,S13002799,S12000029,S16000141,S03000030,S08000023
S02002408,S13002798,S12000029,S16000141,S03000030,S08000023
S02002409,S13002798,S12000029,S16000141,S03000030,S08000023
S02002410,S13002798,S12000029,S16000141,S03000030,S08000023
S02002411,S13002798,S12000029,S16000141,S03000030,S08000023
S02002412,S13002797,S12000029,S16000141,S03000030,S08000023
S02002413,S13002799,S12000029,S16000141,S03000030,S08000023
S02002414,S13002797,S12000029,S16000141,S03000030,S08000023
S02002415,S13002797,S12000029,S16000141,S03000030,S08000023
S02002416,S13002794,S12000029,S16000101,S03000030,S08000023
S02002417,S13002796,S12000029,S16000101,S03000030,S08000023
S02002418,S13002796,S12000029,S16000101,S03000030,S08000023
S02002419,S13002794,S12000029,S16000101,S03000030,S08000023
S02002420,S13002794,S12000029,S16000101,S03000030,S08000023
S02002421,S13002794,S12000029,S16000101,S03000030,S08000023
S02002422,S13002794,S12000029,S16000101,S03000030,S08000023
S02002423,S13002794,S12000029,S16000101,S03000030,S08000023
S02002424,S13002795,S12000029,S16000101,S03000030,S08000023
S02002425,S13002795,S12000029,S16000101,S03000030,S08000023
S02002426,S13002795,S12000029,S16000101,S03000030,S08000023
S02002427,S13002795,S12000029,S16000101,S03000030,S08000023
S02002428,S13002795,S12000029,S16000101,S03000030,S08000023
S02002429,S13002792,S12000029,S16000101,S03000030,S08000023
S02002430,S13002792,S12000029,S16000101,S03000030,S08000023
S02002431,S13002792,S12000029,S16000101,S03000030,S08000023
S02002432,S13002793,S12000029,S16000101,S03000030,S08000023
S02002433,S13002793,S12000029,S16000101,S03000030,S08000023
S02002434,S13002793,S12000029,S16000101,S03000030,S08000023
S02002435,S13002793,S12000029,S16000101,S03000030,S08000023
S02002436,S13002808,S12000030,S16000144,S03000011,S08000019
S02002437,S13002808,S12000030,S16000144,S03000011,S08000019
S02002438,S13002808,S12000030,S16000144,S03000011,S08000019
S02002439,S13002811,S12000030,S16000144,S03000011,S08000019
S02002440,S13002813,S12000030,S16000144,S03000011,S08000019
S02002441,S13002813,S12000030,S16000144,S03000011,S08000019
S02002442,S13002813,S12000030,S16000144,S03000011,S08000019
S02002443,S13002813,S12000030,S16000144,S03000011,S08000019
S02002444,S13002812,S12000030,S16000144,S03000011,S08000019
S02002445,S13002812,S12000030,S16000144,S03000011,S08000019
S02002446,S13002811,S12000030,S16000144,S03000011,S08000019
S02002447,S13002811,S12000030,S16000144,S03000011,S08000019
S02002448,S13002812,S12000030,S16000144,S03000011,S08000019
S02002449,S13002810,S12000030,S16000144,S03000011,S08000019
S02002450,S13002810,S12000030,S16000144,S03000011,S08000019
S02002451,S13002810,S12000030,S16000144,S03000011,S08000019
S02002452,S13002810,S12000030,S16000144,S03000011,S08000019
S02002453,S13002809,S12000030,S16000088,S03000011,S08000019
S02002454,S13002812,S12000030,S16000144,S03000011,S08000019
S02002455,S13002809,S12000030,S16000088,S03000011,S08000019
S02002456,S13002809,S12000030,S16000088,S03000011,S08000019
S02002457,S13002807,S12000030,S16000144,S03000011,S08000019
S02002458,S13002807,S12000030,S16000144,S03000011,S08000019
S02002459,S13002807,S12000030,S16000144,S03000011,S08000019
S02002460,S13002819,S12000039,S16000089,S03000023,S08000021
S02002461,S13002819,S12000039,S16000089,S03000023,S08000021
S02002462,S13002818,S12000039,S16000089,S03000023,S08000021
S02002463,S13002818,S12000039,S16000089,S03000023,S08000021
S02002464,S13002817,S12000039,S16000089,S03000023,S08000021
S02002465,S13002817,S12000039,S16000089,S03000023,S08000021
S02002466,S13002817,S12000039,S16000089,S03000023,S08000021
S02002467,S13002818,S12000039,S16000089,S03000023,S08000021
S02002468,S13002819,S12000039,S16000089,S03000023,S08000021
S02002469,S13002816,S12000039,S16000096,S03000023,S08000021
S02002470,S13002815,S12000039,S16000096,S03000023,S08000021
S02002471,S13002816,S12000039,S16000096,S03000023,S08000021
S02002472,S13002816,S12000039,S16000096,S03000023,S08000021
S02002473,S13002815,S12000039,S16000096,S03000023,S08000021
S02002474,S13002815,S12000039,S16000096,S03000023,S08000021
S02002475,S13002815,S12000039,S16000096,S03000023,S08000021
S02002476,S13002814,S12000039,S16000096,S03000023,S08000021
S02002477,S13002814,S12000039,S16000096,S03000023,S08000021
S02002478,S13002825,S12000040,S16000080,S03000035,S08000024
S02002479,S13002825,S12000040,S16000080,S03000035,S08000024
S02002480,S13002825,S12000040,S16000080,S03000035,S08000024
S02002481,S13002823,S12000040,S16000080,S03000035,S08000024
S02002482,S13002823,S12000040,S16000080,S03000035,S08000024
S02002483,S13002823,S12000040,S16000080,S03000035,S08000024
S02002484,S13002824,S12000040,S16000080,S03000035,S08000024
S02002485,S13002824,S12000040,S16000080,S03000035,S08000024
S02002486,S13002824,S12000040,S16000080,S03000035,S08000024
S02002487,S13002824,S12000040,S16000080,S03000035,S08000024
S02002488,S13002823,S12000040,S16000080,S03000035,S08000024
S02002489,S13002822,S12000040,S16000080,S03000035,S08000024
S02002490,S13002823,S12000040,S16000080,S03000035,S08000024
S02002491,S13002822,S12000040,S16000080,S03000035,S08000024
S02002492,S13002822,S12000040,S16000080,S03000035,S08000024
S02002493,S13002822,S12000040,S16000080,S03000035,S08000024
S02002494,S13002822,S12000040,S16000080,S03000035,S08000024
S02002495,S13002826,S12000040,S16000080,S03000035,S08000024
S02002496,S13002826,S12000040,S16000128,S03000035,S08000024
S02002497,S13002826,S12000040,S16000128,S03000035,S08000024
S02002498,S13002826,S12000040,S16000128,S03000035,S08000024
S02002499,S13002826,S12000040,S16000128,S03000035,S08000024
S02002500,S13002828,S12000040,S16000128,S03000035,S08000024
S02002501,S13002828,S12000040,S16000128,S03000035,S08000024
S02002502,S13002827,S12000040,S16000128,S03000035,S08000024
S02002503,S13002827,S12000040,S16000128,S03000035,S08000024
S02002504,S13002827,S12000040,S16000128,S03000035,S08000024
S02002505,S13002827,S12000040,S16000128,S03000035,S08000024
S02002506,S13002828,S12000040,S16000128,S03000035,S08000024
S02002507,S13002820,S12000040,S16000128,S03000035,S08000024
S02002508,S13002820,S12000040,S16000128,S03000035,S08000024
S02002509,S13002820,S12000040,S16000128,S03000035,S08000024
S02002510,S13002821,S12000040,S16000128,S03000035,S08000024
S02002511,S13002821,S12000040,S16000128,S03000035,S08000024
S02002512,S13002821,S12000040,S16000128,S03000035,S08000024
S02002513,S13002821,S12000040,S16000128,S03000035,S08000024
S02002514,S13002821,S12000040,S16000128,S03000035,S08000024
